chromosome	group	n_signals	min_position	max_position	parquet_file
1	0	11	14677	2890916	example/formatted_eqtls/1/chr1_met_group_0_region_14677-2890916.parquet
1	1	3	2857488	4900034	example/formatted_eqtls/1/chr1_met_group_1_region_2857488-4900034.parquet
1	2	2	6695038	9025665	example/formatted_eqtls/1/chr1_met_group_2_region_6695038-9025665.parquet
1	3	2	10908051	12907910	example/formatted_eqtls/1/chr1_met_group_3_region_10908051-12907910.parquet
1	4	1	12514324	14513602	example/formatted_eqtls/1/chr1_met_group_4_region_12514324-14513602.parquet
1	5	9	14736350	17888745	example/formatted_eqtls/1/chr1_met_group_5_region_14736350-17888745.parquet
1	6	2	18882450	21151447	example/formatted_eqtls/1/chr1_met_group_6_region_18882450-21151447.parquet
1	7	2	20441031	22439965	example/formatted_eqtls/1/chr1_met_group_7_region_20441031-22439965.parquet
1	8	2	22425711	24424707	example/formatted_eqtls/1/chr1_met_group_8_region_22425711-24424707.parquet
1	9	6	24273292	27177171	example/formatted_eqtls/1/chr1_met_group_9_region_24273292-27177171.parquet
1	10	3	26915461	29240900	example/formatted_eqtls/1/chr1_met_group_10_region_26915461-29240900.parquet
1	11	1	30704428	32704316	example/formatted_eqtls/1/chr1_met_group_11_region_30704428-32704316.parquet
1	12	1	32321994	34320608	example/formatted_eqtls/1/chr1_met_group_12_region_32321994-34320608.parquet
1	13	4	35451060	38474398	example/formatted_eqtls/1/chr1_met_group_13_region_35451060-38474398.parquet
1	14	9	38491791	42372249	example/formatted_eqtls/1/chr1_met_group_14_region_38491791-42372249.parquet
1	15	1	41959825	43959042	example/formatted_eqtls/1/chr1_met_group_15_region_41959825-43959042.parquet
1	16	2	47224170	49229451	example/formatted_eqtls/1/chr1_met_group_16_region_47224170-49229451.parquet
1	17	3	51553564	54142583	example/formatted_eqtls/1/chr1_met_group_17_region_51553564-54142583.parquet
1	18	2	61896019	64593187	example/formatted_eqtls/1/chr1_met_group_18_region_61896019-64593187.parquet
1	19	2	66124065	68123599	example/formatted_eqtls/1/chr1_met_group_19_region_66124065-68123599.parquet
1	20	1	67449999	69449913	example/formatted_eqtls/1/chr1_met_group_20_region_67449999-69449913.parquet
1	21	6	73198339	75733100	example/formatted_eqtls/1/chr1_met_group_21_region_73198339-75733100.parquet
1	22	1	74796896	76796864	example/formatted_eqtls/1/chr1_met_group_22_region_74796896-76796864.parquet
1	23	2	83506486	85996772	example/formatted_eqtls/1/chr1_met_group_23_region_83506486-85996772.parquet
1	24	2	85696416	87695644	example/formatted_eqtls/1/chr1_met_group_24_region_85696416-87695644.parquet
1	25	5	87992958	90788883	example/formatted_eqtls/1/chr1_met_group_25_region_87992958-90788883.parquet
1	26	2	90405008	92404667	example/formatted_eqtls/1/chr1_met_group_26_region_90405008-92404667.parquet
1	27	1	92346280	94345854	example/formatted_eqtls/1/chr1_met_group_27_region_92346280-94345854.parquet
1	28	1	94234911	96233666	example/formatted_eqtls/1/chr1_met_group_28_region_94234911-96233666.parquet
1	29	1	100025919	102025810	example/formatted_eqtls/1/chr1_met_group_29_region_100025919-102025810.parquet
1	30	1	107200954	109200545	example/formatted_eqtls/1/chr1_met_group_30_region_107200954-109200545.parquet
1	31	10	108695523	110740897	example/formatted_eqtls/1/chr1_met_group_31_region_108695523-110740897.parquet
1	32	2	110140335	112139974	example/formatted_eqtls/1/chr1_met_group_32_region_110140335-112139974.parquet
1	33	2	111518491	113619572	example/formatted_eqtls/1/chr1_met_group_33_region_111518491-113619572.parquet
1	34	2	118140398	120140488	example/formatted_eqtls/1/chr1_met_group_34_region_118140398-120140488.parquet
1	35	4	119724280	121908629	example/formatted_eqtls/1/chr1_met_group_35_region_119724280-121908629.parquet
1	36	24	145064756	153510467	example/formatted_eqtls/1/chr1_met_group_36_region_145064756-153510467.parquet
1	37	2	152631366	155154472	example/formatted_eqtls/1/chr1_met_group_37_region_152631366-155154472.parquet
1	38	6	158290439	162038938	example/formatted_eqtls/1/chr1_met_group_38_region_158290439-162038938.parquet
1	39	1	164598409	166597219	example/formatted_eqtls/1/chr1_met_group_39_region_164598409-166597219.parquet
1	40	2	165975595	167975405	example/formatted_eqtls/1/chr1_met_group_40_region_165975595-167975405.parquet
1	41	1	168795316	170794495	example/formatted_eqtls/1/chr1_met_group_41_region_168795316-170794495.parquet
1	42	2	177096297	179093807	example/formatted_eqtls/1/chr1_met_group_42_region_177096297-179093807.parquet
1	43	2	178230079	180591556	example/formatted_eqtls/1/chr1_met_group_43_region_178230079-180591556.parquet
1	44	4	182186843	185671853	example/formatted_eqtls/1/chr1_met_group_44_region_182186843-185671853.parquet
1	45	1	195819775	197819432	example/formatted_eqtls/1/chr1_met_group_45_region_195819775-197819432.parquet
1	46	3	199669864	201669730	example/formatted_eqtls/1/chr1_met_group_46_region_199669864-201669730.parquet
1	47	1	201194063	203193755	example/formatted_eqtls/1/chr1_met_group_47_region_201194063-203193755.parquet
1	48	1	204813419	206813200	example/formatted_eqtls/1/chr1_met_group_48_region_204813419-206813200.parquet
1	49	4	210639508	213857758	example/formatted_eqtls/1/chr1_met_group_49_region_210639508-213857758.parquet
1	50	1	217285373	219285122	example/formatted_eqtls/1/chr1_met_group_50_region_217285373-219285122.parquet
1	51	3	219825761	221829113	example/formatted_eqtls/1/chr1_met_group_51_region_219825761-221829113.parquet
1	52	2	221590818	223661507	example/formatted_eqtls/1/chr1_met_group_52_region_221590818-223661507.parquet
1	53	1	222666496	224663278	example/formatted_eqtls/1/chr1_met_group_53_region_222666496-224663278.parquet
1	54	1	225870277	227870060	example/formatted_eqtls/1/chr1_met_group_54_region_225870277-227870060.parquet
1	55	2	228206178	230205046	example/formatted_eqtls/1/chr1_met_group_55_region_228206178-230205046.parquet
1	56	4	229748697	232040033	example/formatted_eqtls/1/chr1_met_group_56_region_229748697-232040033.parquet
1	57	4	231950808	234327477	example/formatted_eqtls/1/chr1_met_group_57_region_231950808-234327477.parquet
1	58	3	233373702	236104574	example/formatted_eqtls/1/chr1_met_group_58_region_233373702-236104574.parquet
1	59	2	241147902	243203503	example/formatted_eqtls/1/chr1_met_group_59_region_241147902-243203503.parquet
1	60	2	243969702	245971053	example/formatted_eqtls/1/chr1_met_group_60_region_243969702-245971053.parquet
1	61	8	246078938	248945104	example/formatted_eqtls/1/chr1_met_group_61_region_246078938-248945104.parquet
